CREATE TABLE Course (
    course_id INT PRIMARY KEY AUTO_INCREMENT,
    course_name VARCHAR(100) NOT NULL UNIQUE,
    credits DECIMAL(3,1) NOT NULL
);

INSERT INTO studentDetails (student_id, courseId, student_name, email, enrollment_date) VALUES
(2001, 1, 'Roshmi Talukdar', 'roshmi.talukdar@uni.edu.in', '2023-09-01'),
(2002, 2, 'Shruti Bose', 'shruti.bose@uni.edu.in', '2023-09-01'),
(2003, 3, 'Dhvani Agarwal', 'dhvani.agarwal@uni.edu.in', '2023-09-01'),
(2004, 4, 'Anvita Prakash', 'anvita.prakash@uni.edu.in', '2023-09-01'),
(2005, 5, 'Akansha Mohanty', 'akansha.mohanty@uni.edu.in', '2023-09-01'),
(2006, 6, 'Jiya Jain', 'jiya.jain@uni.edu.in', '2023-09-01'),
(2007, 7, 'Neha Saripalli', 'neha.saripalli@uni.edu.in', '2023-09-01'),
(2008, 8, 'Priya Varshini', 'priya.varshini@uni.edu.in', '2023-09-01'),
(2009, 9, 'Pujita Agarwal', 'pujita.agarwal@uni.edu.in', '2023-09-01'),
(2010, 10, 'Shreya Rana', 'shreya.rana@uni.edu.in', '2023-09-01'),
(2011, 11, 'Ashna Khilnani', 'ashna.khilnani@uni.edu.in', '2023-09-01'),
(2012, 12, 'Rohan Pahari', 'rohan.pahari@uni.edu.in', '2023-09-01'),
(2013, 13, 'Ashish Kumar', 'ashish.kumar@uni.edu.in', '2023-09-01'),
(2014, 14, 'Fazl Omar', 'fazl.omar@uni.edu.in', '2023-09-01'),
(2015, 15, 'Anushka Mohanty', 'anushka.mohanty@uni.edu.in', '2023-09-01'),
(2016, 1, 'Aarav Sharma', 'aarav.sharma@uni.edu.in', '2023-09-01'),
(2017, 2, 'Aditi Singh', 'aditi.singh@uni.edu.in', '2023-09-01'),
(2018, 3, 'Arjun Gupta', 'arjun.gupta@uni.edu.in', '2023-09-01'),
(2019, 4, 'Arya Reddy', 'arya.reddy@uni.edu.in', '2023-09-01'),
(2020, 5, 'Vivaan Mehta', 'vivaan.mehta@uni.edu.in', '2023-09-01'),
(2021, 6, 'Kavya Rao', 'kavya.rao@uni.edu.in', '2023-09-01'),
(2022, 7, 'Dev Narayan', 'dev.narayan@uni.edu.in', '2023-09-01'),
(2023, 8, 'Esha Das', 'esha.das@uni.edu.in', '2023-09-01'),
(2024, 9, 'Hrithik Patel', 'hrithik.patel@uni.edu.in', '2023-09-01'),
(2025, 10, 'Jhanvi Kumar', 'jhanvi.kumar@uni.edu.in', '2023-09-01'),
(2026, 11, 'Kian Sharma', 'kian.sharma@uni.edu.in', '2023-09-01'),
(2027, 12, 'Lavanya Pillai', 'lavanya.pillai@uni.edu.in', '2023-09-01'),
(2028, 13, 'Mihir Saxena', 'mihir.saxena@uni.edu.in', '2023-09-01'),
(2029, 14, 'Nandini Joshi', 'nandini.joshi@uni.edu.in', '2023-09-01'),
(2030, 15, 'Om Yadav', 'om.yadav@uni.edu.in', '2023-09-01'),
(2031, 1, 'Palak Desai', 'palak.desai@uni.edu.in', '2023-09-01'),
(2032, 2, 'Ritika Singh', 'ritika.singh@uni.edu.in', '2023-09-01'),
(2033, 3, 'Sakshi Verma', 'sakshi.verma@uni.edu.in', '2023-09-01'),
(2034, 4, 'Tanmay Roy', 'tanmay.roy@uni.edu.in', '2023-09-01'),
(2035, 5, 'Uma Bhatt', 'uma.bhatt@uni.edu.in', '2023-09-01'),
(2036, 6, 'Vedant Chaudhari', 'vedant.c@uni.edu.in', '2023-09-01'),
(2037, 7, 'Yash Kohli', 'yash.kohli@uni.edu.in', '2023-09-01'),
(2038, 8, 'Zoya Khan', 'zoya.khan@uni.edu.in', '2023-09-01'),
(2039, 9, 'Sanjana Reddy', 'sanjana.reddy@uni.edu.in', '2023-09-01'),
(2040, 10, 'Siddharth Sharma', 'siddharth.s@uni.edu.in', '2023-09-01'),
(2041, 11, 'Ananya Singh', 'ananya.singh@uni.edu.in', '2023-09-01'),
(2042, 12, 'Vikram Patel', 'vikram.patel@uni.edu.in', '2023-09-01'),
(2043, 13, 'Ishita Gupta', 'ishita.gupta@uni.edu.in', '2023-09-01'),
(2044, 14, 'Kabir Das', 'kabir.das@uni.edu.in', '2023-09-01'),
(2045, 15, 'Misha Jain', 'misha.jain@uni.edu.in', '2023-09-01');

INSERT INTO Employee (name, email, phone_number, hire_date, job_title, salary, department_id, designation) VALUES
('Roshmi Talukdar', 'roshmi.talukdar@techindia.in', '9812345601', '2019-07-10', 'HR Manager', 80000.00, 104, 'Manager'),
('Shruti Bose', 'shruti.bose@bizindia.co.in', '9912345602', '2020-03-25', 'Senior Developer', 95000.00, 101, 'Developer'),
('Dhvani Agarwal', 'dhvani.agarwal@webmail.in', '8012345603', '2021-01-15', 'Financial Analyst', 68000.00, 106, 'Analyst'),
('Anvita Prakash', 'anvita.prakash@india.net', '8112345604', '2018-09-01', 'Marketing Head', 110000.00, 105, 'Head'),
('Akansha Mohanty', 'akansha.mohanty@bharatmail.com', '7012345605', '2022-02-01', 'Junior Accountant', 45000.00, 106, 'Junior'),
('Jiya Jain', 'jiya.jain@mail.in', '7312345606', '2019-11-11', 'UI/UX Designer', 72000.00, 105, 'Designer'),
('Neha Saripalli', 'neha.saripalli@email.co.in', '9812345607', '2020-05-01', 'Project Coordinator', 60000.00, 102, 'Coordinator'),
('Priya Varshini', 'priya.varshini@techindia.in', '9912345608', '2021-08-20', 'System Administrator', 75000.00, 101, 'Admin'),
('Pujita Agarwal', 'pujita.agarwal@bizindia.co.in', '8012345609', '2017-04-01', 'VP Operations', 130000.00, 100, 'Executive'),
('Shreya Rana', 'shreya.rana@webmail.in', '8112345610', '2022-06-10', 'Content Creator', 50000.00, 105, 'Creator'),
('Ashna Khilnani', 'ashna.khilnani@india.net', '7012345611', '2018-02-14', 'Legal Advisor', 100000.00, 107, 'Advisor'),
('Rohan Pahari', 'rohan.pahari@bharatmail.com', '7312345612', '2020-09-01', 'Lead Engineer', 115000.00, 101, 'Lead'),
('Ashish Kumar', 'ashish.kumar@mail.in', '9812345613', '2021-03-01', 'Business Analyst', 70000.00, 103, 'Analyst'),
('Fazl Omar', 'fazl.omar@email.co.in', '9912345614', '2019-01-05', 'Sales Executive', 62000.00, 102, 'Executive'),
('Anushka Mohanty', 'anushka.mohanty@techindia.in', '8012345615', '2022-07-07', 'Customer Support', 40000.00, 104, 'Support'),
('Aarav Sharma', 'aarav.sharma@bizindia.co.in', '8112345616', '2020-02-20', 'Software Engineer', 80000.00, 101, 'Engineer'),
('Aditi Singh', 'aditi.singh@webmail.in', '7012345617', '2019-04-10', 'Product Manager', 98000.00, 102, 'Manager'),
('Arjun Gupta', 'arjun.gupta@india.net', '7312345618', '2021-05-01', 'Data Scientist', 85000.00, 103, 'Scientist'),
('Arya Reddy', 'arya.reddy@bharatmail.com', '9812345619', '2018-10-10', 'HR Generalist', 55000.00, 104, 'Generalist'),
('Vivaan Mehta', 'vivaan.mehta@mail.in', '9912345620', '2022-01-01', 'Marketing Specialist', 60000.00, 105, 'Specialist'),
('Kavya Rao', 'kavya.rao@email.co.in', '8012345621', '2017-08-15', 'Chief Financial Officer', 140000.00, 100, 'Executive'),
('Dev Narayan', 'dev.narayan@techindia.in', '8112345622', '2020-06-01', 'IT Consultant', 90000.00, 101, 'Consultant'),
('Esha Das', 'esha.das@bizindia.co.in', '7012345623', '2019-09-01', 'Recruitment Specialist', 68000.00, 104, 'Specialist'),
('Hrithik Patel', 'hrithik.patel@webmail.in', '7312345624', '2021-02-05', 'Cloud Engineer', 82000.00, 101, 'Engineer'),
('Jhanvi Kumar', 'jhanvi.kumar@india.net', '9812345625', '2018-07-22', 'Compliance Officer', 95000.00, 106, 'Officer'),
('Kian Sharma', 'kian.sharma@bharatmail.com', '9912345626', '2022-04-10', 'Social Media Manager', 65000.00, 105, 'Manager'),
('Lavanya Pillai', 'lavanya.pillai@mail.in', '8012345627', '2020-10-01', 'Quality Assurance Lead', 88000.00, 101, 'Lead'),
('Mihir Saxena', 'mihir.saxena@email.co.in', '8112345628', '2019-06-15', 'Training Coordinator', 55000.00, 104, 'Coordinator'),
('Nandini Joshi', 'nandini.joshi@techindia.in', '7012345629', '2021-03-30', 'Risk Analyst', 70000.00, 106, 'Analyst'),
('Om Yadav', 'om.yadav@bizindia.co.in', '7312345630', '2018-05-01', 'Senior Sales Rep', 80000.00, 102, 'Rep'),
('Palak Desai', 'palak.desai@webmail.in', '9812345631', '2022-05-05', 'Event Manager', 60000.00, 105, 'Manager'),
('Ritika Singh', 'ritika.singh@india.net', '9912345632', '2019-08-01', 'Business Development', 78000.00, 102, 'Development'),
('Sakshi Verma', 'sakshi.verma@bharatmail.com', '8012345633', '2020-11-01', 'Cyber Security Analyst', 90000.00, 101, 'Analyst'),
('Tanmay Roy', 'tanmay.roy@mail.in', '8112345634', '2021-04-15', 'Supply Chain Specialist', 65000.00, 105, 'Specialist'),
('Uma Bhatt', 'uma.bhatt@email.co.in', '7012345635', '2017-03-01', 'Chief Technology Officer', 160000.00, 100, 'Executive'),
('Vedant Chaudhari', 'vedant.c@techindia.in', '7312345636', '2022-01-20', 'Junior HR', 42000.00, 104, 'Junior'),
('Yash Kohli', 'yash.kohli@bizindia.co.in', '9812345637', '2019-10-10', 'Backend Developer', 85000.00, 101, 'Developer'),
('Zoya Khan', 'zoya.khan@webmail.in', '9912345638', '2020-12-01', 'Public Relations', 68000.00, 105, 'Specialist'),
('Sanjana Reddy', 'sanjana.reddy@india.net', '8012345639', '2021-07-01', 'Investment Banker', 120000.00, 106, 'Banker'),
('Siddharth Sharma', 'siddharth.s@bharatmail.com', '8112345640', '2018-06-15', 'Senior Data Analyst', 95000.00, 103, 'Analyst'),
('Ananya Singh', 'ananya.singh@mail.in', '7012345641', '2022-08-01', 'Management Trainee', 40000.00, 100, 'Trainee'),
('Vikram Patel', 'vikram.patel@email.co.in', '7312345642', '2019-03-01', 'Solutions Architect', 110000.00, 101, 'Architect'),
('Ishita Gupta', 'ishita.gupta@techindia.in', '9812345643', '2020-04-01', 'Digital Marketing Analyst', 60000.00, 105, 'Analyst'),
('Kabir Das', 'kabir.das@bizindia.co.in', '9912345644', '2021-09-10', 'Research Associate', 75000.00, 103, 'Associate'),
('Misha Jain', 'misha.jain@webmail.in', '8012345645', '2018-12-01', 'Payroll Specialist', 58000.00, 104, 'Specialist'),
('Nikhil Prakash', 'nikhil.prakash@india.net', '8112345646', '2022-03-01', 'Frontend Developer', 70000.00, 101, 'Developer'),
('Sneha Mohanty', 'sneha.mohanty@bharatmail.com', '7012345647', '2019-05-15', 'Public Relations Manager', 85000.00, 105, 'Manager'),
('Gaurav Talukdar', 'gaurav.talukdar@mail.in', '7312345648', '2020-07-01', 'Corporate Trainer', 72000.00, 104, 'Trainer'),
('Divya Rao', 'divya.rao@email.co.in', '9812345649', '2021-02-10', 'Data Entry Operator', 35000.00, 103, 'Operator'),
('Vishal Kumar', 'vishal.kumar@techindia.in', '9912345650', '2018-08-01', 'Head of Sales', 125000.00, 102, 'Head');

INSERT INTO SalaryDetails (employee_id, amount, effective_date, end_date, bonus_amount) VALUES
(1, 75000.00, '2019-07-10', NULL, NULL),
(2, 95000.00, '2020-03-25', NULL, NULL),
(3, 68000.00, '2021-01-15', NULL, NULL),
(4, 110000.00, '2018-09-01', NULL, 10000.00),
(5, 45000.00, '2022-02-01', NULL, NULL),
(6, 72000.00, '2019-11-11', NULL, 5000.00),
(7, 60000.00, '2020-05-01', NULL, NULL),
(8, 75000.00, '2021-08-20', NULL, NULL),
(9, 130000.00, '2017-04-01', NULL, 20000.00),
(10, 50000.00, '2022-06-10', NULL, NULL),
(11, 100000.00, '2018-02-14', NULL, 8000.00),
(12, 115000.00, '2020-09-01', NULL, 15000.00),
(13, 70000.00, '2021-03-01', NULL, NULL),
(14, 62000.00, '2019-01-05', NULL, NULL),
(15, 40000.00, '2022-07-07', NULL, NULL),
(16, 80000.00, '2020-02-20', NULL, NULL),
(17, 98000.00, '2019-04-10', NULL, 7000.00),
(18, 85000.00, '2021-05-01', NULL, NULL),
(19, 55000.00, '2018-10-10', NULL, NULL),
(20, 60000.00, '2022-01-01', NULL, 1000.00),
(21, 140000.00, '2017-08-15', NULL, 25000.00),
(22, 90000.00, '2020-06-01', NULL, NULL),
(23, 68000.00, '2019-09-01', NULL, NULL),
(24, 82000.00, '2021-02-05', NULL, NULL),
(25, 95000.00, '2018-07-22', NULL, 9000.00),
(26, 65000.00, '2022-04-10', NULL, NULL),
(27, 88000.00, '2020-10-01', NULL, NULL),
(28, 55000.00, '2019-06-15', NULL, NULL),
(29, 70000.00, '2021-03-30', NULL, NULL),
(30, 80000.00, '2018-05-01', NULL, 6000.00),
(31, 60000.00, '2022-05-05', NULL, NULL),
(32, 78000.00, '2019-08-01', NULL, NULL),
(33, 90000.00, '2020-11-01', NULL, 7500.00),
(34, 65000.00, '2021-04-15', NULL, NULL),
(35, 160000.00, '2017-03-01', NULL, 30000.00),
(36, 42000.00, '2022-01-20', NULL, NULL),
(37, 85000.00, '2019-10-10', NULL, NULL),
(38, 68000.00, '2020-12-01', NULL, NULL),
(39, 120000.00, '2021-07-01', NULL, 12000.00),
(40, 95000.00, '2018-06-15', NULL, NULL),
(41, 40000.00, '2022-08-01', NULL, NULL),
(42, 110000.00, '2019-03-01', NULL, 10000.00),
(43, 60000.00, '2020-04-01', NULL, NULL),
(44, 75000.00, '2021-09-10', NULL, NULL),
(45, 58000.00, '2018-12-01', NULL, NULL),
(46, 70000.00, '2022-03-01', NULL, NULL),
(47, 85000.00, '2019-05-15', NULL, 6000.00),
(48, 72000.00, '2020-07-01', NULL, NULL),
(49, 35000.00, '2021-02-10', NULL, NULL),
(50, 125000.00, '2018-08-01', NULL, 15000.00),
(1, 80000.00, '2021-07-10', NULL, 2000.00),
(2, 100000.00, '2022-03-25', NULL, 3000.00),
(3, 72000.00, '2023-01-15', NULL, NULL),
(6, 75000.00, '2021-11-11', NULL, 1000.00),
(9, 140000.00, '2020-04-01', NULL, 22000.00),
(12, 120000.00, '2022-09-01', NULL, 16000.00),
(17, 105000.00, '2021-04-10', NULL, 8000.00),
(25, 100000.00, '2020-07-22', NULL, 10000.00),
(35, 170000.00, '2020-03-01', NULL, 35000.00),
(42, 115000.00, '2021-03-01', NULL, 12000.00);

INSERT INTO Course (course_name, credits) VALUES
('Advanced Database Systems', 4.0),
('Introduction to Python Programming', 3.5),
('Applied Data Science', 4.0),
('Cloud Computing Fundamentals', 3.0),
('Software Engineering Principles', 3.0),
('Digital Marketing Strategies', 3.5),
('Financial Management', 4.0),
('Human Resource Management', 3.0),
('Cyber Security Essentials', 4.0),
('Machine Learning Algorithms', 4.0),
('Artificial Intelligence Concepts', 4.0),
('Big Data Analytics', 3.5),
('Web Development with React', 3.0),
('Mobile App Development (Android)', 3.5),
('Business Communication', 3.0),
('Environmental Studies', 3.0),
('Sociology Basics', 3.0),
('Political Science I', 3.0),
('Microeconomics', 3.5),
('Macroeconomics', 3.5),
('Organic Chemistry', 4.0),
('Physics for Engineers', 4.0),
('Bioinformatics', 4.0),
('Game Development', 3.0),
('Creative Writing', 3.0),
('Public Speaking', 2.0),
('Indian History', 3.0),
('World Literature', 3.0),
('Ethical Hacking', 4.0),
('Network Security', 4.0),
('Data Visualization', 3.5),
('Supply Chain Management', 3.0),
('Project Management', 3.0),
('Digital Photography', 2.5),
('Yoga and Meditation', 1.0),
('Foreign Language: French', 3.0),
('Foreign Language: German', 3.0),
('Statistics for Data Science', 3.5),
('Advanced Algorithms', 4.0),
('Compiler Design', 4.0),
('Operations Research', 3.5),
('Distributed Systems', 4.0),
('Computer Vision', 4.0),
('Natural Language Processing', 4.0),
('Blockchain Technology', 3.0),
('Robotics Fundamentals', 3.5),
('Quantum Computing Intro', 3.0),
('Renewable Energy Systems', 3.0),
('Urban Planning', 3.0),
('Clinical Psychology', 3.5);